querySymbol,studyLocusId,studyType,chromosome,position,beta,se,pMantissa,pExp,qtlGeneId,finemap,confidence,variant_id,rsId,ref,alt,studyId,trait,studyAuthor,studyDate,nCases,nControls,nSamples,biosample
S100A9,32be9501f4c326c7c150285397ac5300,eqtl,1,153379784,0.391311,0.0683978,1.9190000295639038,-8,,SuSie,SuSiE fine-mapped credible set with in-sample LD,1_153379784_ACACCTAGGGTGGCGGCGGCTCCTTGGCAG_A,rs374815343,ACACCTAGGGTGGCGGCGGCTCCTTGGCAG,A,lepik_2017_exon_blood_ensg00000163220_11_1_153357854_153357881,ENSG00000163220.11_1_153357854_153357881,,,,,471,blood
S100A9,35525e28ad7edef41230b7b02402c19f,sceqtl,1,153392186,0.443826,0.0604089,4.377999782562256,-13,,SuSie,SuSiE fine-mapped credible set with in-sample LD,1_153392186_C_T,rs11205281,C,T,onek1k_ge_cd14_mono_ensg00000163220,ENSG00000163220,,,,,959,"CD14-positive, CD16-negative classical monocyte"
S100A9,8149a60dbfed6509e5709b6fe048c329,eqtl,1,153399125,0.787893,0.142585,1.1649999618530273,-7,,SuSie,SuSiE fine-mapped credible set with in-sample LD,1_153399125_T_C,rs4355996,T,C,blueprint_exon_monocyte_ensg00000163220_11_1_153358269_153358433,ENSG00000163220.11_1_153358269_153358433,,,,,191,"CD14-positive, CD16-negative classical monocyte"
S100A8,0ff96031a4fe2b1ed49fbdc80d1835fc,sqtl,1,153410465,0.467004,0.0814864,1.7690000534057617,-8,,SuSie,SuSiE fine-mapped credible set with in-sample LD,1_153410465_T_C,rs11590633,T,C,gtex_leafcutter_esophagus_mucosa_1_153390574_153391041_clu_9986_-,1:153390574:153391041:clu_9986_-,,,,,493,esophagus squamous epithelium
S100A8,207339324238b799158fbe2e69d1413d,tuqtl,1,152617711,0.707919,0.115311,1.531999945640564,-8,,SuSie,SuSiE fine-mapped credible set with in-sample LD,1_152617711_C_T,rs6677595,C,T,bossini-castillo_2019_txrev_treg_naive_ensg00000143546_grp_1_upstream_enst00000477801,ENSG00000143546.grp_1.upstream.ENST00000477801,,,,,119,naive regulatory T cell
S100A8,4e4e86d7223d1466de44c2dd5d138600,eqtl,1,153404404,0.344481,0.0687144,7.675000190734863,-7,,SuSie,SuSiE fine-mapped credible set with in-sample LD,1_153404404_C_T,rs12029448,C,T,lepik_2017_ge_blood_ensg00000143546,ENSG00000143546,,,,,471,blood
S100A8,57e62f4ee643d3d04f19211131c82191,eqtl,1,153365467,-0.422528,0.0885977,3.867000102996826,-6,,SuSie,SuSiE fine-mapped credible set with in-sample LD,1_153365467_G_A,rs3014874,G,A,blueprint_exon_monocyte_ensg00000143546_10_1_153390395_153390557,ENSG00000143546.10_1_153390395_153390557,,,,,191,"CD14-positive, CD16-negative classical monocyte"
S100A8,7fb95bf337daf0f1e840d7f7c4f03e9a,sceqtl,1,153384243,0.371696,0.0584881,3.2360000610351562,-10,,SuSie,SuSiE fine-mapped credible set with in-sample LD,1_153384243_AT_A,rs371154676,AT,A,onek1k_ge_cd14_mono_ensg00000143546,ENSG00000143546,,,,,959,"CD14-positive, CD16-negative classical monocyte"
S100A8,8ebae3f3dea187d4bcfe0514f1870c58,eqtl,1,153379784,0.347917,0.0656107,1.781999945640564,-7,,SuSie,SuSiE fine-mapped credible set with in-sample LD,1_153379784_ACACCTAGGGTGGCGGCGGCTCCTTGGCAG_A,rs374815343,ACACCTAGGGTGGCGGCGGCTCCTTGGCAG,A,lepik_2017_exon_blood_ensg00000143546_10_1_153390558_153390856,ENSG00000143546.10_1_153390558_153390856,,,,,471,blood
S100A8,c72628100297f4298c673be9c4a40f3f,eqtl,1,153398609,0.702763,0.121683,3.4110000133514404,-8,,SuSie,SuSiE fine-mapped credible set with in-sample LD,1_153398609_G_A,rs6680386,G,A,blueprint_exon_monocyte_ensg00000143546_10_1_153390395_153390557,ENSG00000143546.10_1_153390395_153390557,,,,,191,"CD14-positive, CD16-negative classical monocyte"
S100A8,ec9d3f87823fdb29444a80e6c7d9c16a,sqtl,1,153380535,0.924444,0.0950435,1.9170000553131104,-20,,SuSie,SuSiE fine-mapped credible set with in-sample LD,1_153380535_CTTAATTCTCATG_C,rs879660395,CTTAATTCTCATG,C,lepik_2017_leafcutter_blood_1_153390574_153391041_clu_28927__,1:153390574:153391041:clu_28927_+,,,,,471,blood
CDKN2A,0e327b385cbbd979c3ec329843961b41,eqtl,9,20989306,-0.777014,0.135603,2.1059999465942383,-7,,SuSie,SuSiE fine-mapped credible set with in-sample LD,9_20989306_G_A,rs7039491,G,A,schmiedel_2018_exon_th1-17_memory_ensg00000147889_18_9_21970468_21970503,ENSG00000147889.18_9_21970468_21970503,,,,,88,T-helper 17 cell
CDKN2A,109753f3078ca03042c512fb03480404,eqtl,9,22569444,0.364495,0.0724444,3.378999948501587,-6,,SuSie,SuSiE fine-mapped credible set with in-sample LD,9_22569444_GA_G,rs142657093,GA,G,schmiedel_2018_exon_th1-17_memory_ensg00000147889_18_9_21974404_21974677,ENSG00000147889.18_9_21974404_21974677,,,,,88,T-helper 17 cell
CDKN2A,66ebe780ea96730fe6c980daa0dfb655,eqtl,9,22050899,0.22948,0.0423806,9.215999603271484,-8,,SuSie,SuSiE fine-mapped credible set with in-sample LD,9_22050899_A_G,rs944800,A,G,rosmap_exon_brain_naive_ensg00000147889_18_9_21994139_21994392,ENSG00000147889.18_9_21994139_21994392,,,,,560,dorsolateral prefrontal cortex
CDKN2A,80893c788244df152acdeb9c8a5b9899,eqtl,9,21987396,1.14756,0.137226,2.931999921798706,-12,,SuSie,SuSiE fine-mapped credible set with in-sample LD,9_21987396_A_AACACACACACACAC,rs375380204,A,AACACACACACACAC,schmiedel_2018_exon_th1-17_memory_ensg00000147889_18_9_21970716_21970901,ENSG00000147889.18_9_21970716_21970901,,,,,88,T-helper 17 cell
CDKN2A,ca445183b2f82a69b0a8749f2ed27e8a,eqtl,9,22049483,0.24752,0.0424395,9.376999855041504,-9,,SuSie,SuSiE fine-mapped credible set with in-sample LD,9_22049483_C_CTT,rs34713115,C,CTT,rosmap_ge_brain_naive_ensg00000147889,ENSG00000147889,,,,,560,dorsolateral prefrontal cortex
CDKN2A,e07dea2edbdd3fc8a65674e32e18951f,eqtl,9,21975018,-0.216415,0.0368503,7.455999851226807,-9,,SuSie,SuSiE fine-mapped credible set with in-sample LD,9_21975018_C_T,rs3814960,C,T,rosmap_exon_brain_naive_ensg00000147889_18_9_21971347_21971400,ENSG00000147889.18_9_21971347_21971400,,,,,560,dorsolateral prefrontal cortex
CDKN2A,f2eeb265cff629ba830d3efce89222c1,tuqtl,9,21970917,1.21124,0.142468,2.5250000953674316,-16,,SuSie,SuSiE fine-mapped credible set with in-sample LD,9_21970917_C_T,rs3731249,C,T,gtex_txrev_fibroblast_ensg00000147889_grp_1_downstream_ensg00000147889_cage2,ENSG00000147889.grp_1.downstream.ENSG00000147889_CAGE2,,,,,483,fibroblast
PITX1,0876f1bff7b6f229dc7439c0a2114424,eqtl,5,135062655,-0.329711,0.047412,1.1990000009536743,-11,,SuSie,SuSiE fine-mapped credible set with in-sample LD,5_135062655_A_AAAT,rs59689483,A,AAAT,gtex_exon_fibroblast_ensg00000069011_16_5_135029287_135029321,ENSG00000069011.16_5_135029287_135029321,,,,,483,fibroblast
PITX1,1b96d900abe679304fddb31c6300ab29,eqtl,5,135120315,-0.505812,0.0758738,1.2000000476837158,-10,,SuSie,SuSiE fine-mapped credible set with in-sample LD,5_135120315_A_G,rs540917,A,G,fairfax_2014_microarray_monocyte_lps24_ilmn_1674386,ILMN_1674386,,,,,325,"CD14-positive, CD16-negative classical monocyte"
PITX1,2cc2595391e77ce179abe1df621203c5,eqtl,5,135140217,-0.512473,0.0627961,5.8429999351501465,-15,,SuSie,SuSiE fine-mapped credible set with in-sample LD,5_135140217_T_C,rs607488,T,C,fairfax_2014_microarray_monocyte_ifn24_ilmn_1674386,ILMN_1674386,,,,,370,"CD14-positive, CD16-negative classical monocyte"
PITX1,3e26aeaf7374f9733531ba6e95a21916,eqtl,5,135076120,-0.561461,0.0675704,5.673999786376953,-15,,SuSie,SuSiE fine-mapped credible set with in-sample LD,5_135076120_G_A,rs72667119,G,A,fusion_exon_adipose_naive_ensg00000069011_16_5_135028553_135029221,ENSG00000069011.16_5_135028553_135029221,,,,,271,adipose tissue
PITX1,4bf6aad7938923a52894e7b472be37e3,eqtl,5,135025330,0.354337,0.0595561,4.697999954223633,-9,,SuSie,SuSiE fine-mapped credible set with in-sample LD,5_135025330_G_A,rs31210,G,A,gtex_tx_artery_tibial_enst00000265340,ENST00000265340,,,,,584,tibial artery
PITX1,61d3c1282bee2ca8d56cdb26397a5763,eqtl,5,135070202,-0.336831,0.0563003,3.8929998874664307,-9,,SuSie,SuSiE fine-mapped credible set with in-sample LD,5_135070202_G_C,rs7701733,G,C,gtex_exon_adipose_subcutaneous_ensg00000069011_16_5_135031336_135031508,ENSG00000069011.16_5_135031336_135031508,,,,,581,adipose tissue
PITX1,8022c5498bc8908b730c8425116e68ff,eqtl,5,135056730,-0.366729,0.0549005,5.7270002365112305,-11,,SuSie,SuSiE fine-mapped credible set with in-sample LD,5_135056730_G_A,rs2112186,G,A,gtex_ge_adipose_subcutaneous_ensg00000069011,ENSG00000069011,,,,,581,adipose tissue
PITX1,9e3f7c16bfdacde9964454006c6bb28f,eqtl,5,135069792,-0.399928,0.0535987,4.197999954223633,-13,,SuSie,SuSiE fine-mapped credible set with in-sample LD,5_135069792_T_C,rs6881034,T,C,gtex_ge_fibroblast_ensg00000069011,ENSG00000069011,,,,,483,fibroblast
PITX1,aa70ccec1f98d328a2848145eb72916e,eqtl,5,135025330,-0.748426,0.0688306,1.6369999647140503,-23,,SuSie,SuSiE fine-mapped credible set with in-sample LD,5_135025330_G_A,rs31210,G,A,gtex_exon_testis_ensg00000069011_16_5_135029222_135029286,ENSG00000069011.16_5_135029222_135029286,,,,,322,testis
PITX1,ae454be0666646b2982235844ef7251b,eqtl,5,135076120,-0.638107,0.0768403,5.86299991607666,-15,,SuSie,SuSiE fine-mapped credible set with in-sample LD,5_135076120_G_A,rs72667119,G,A,fusion_ge_adipose_naive_ensg00000069011,ENSG00000069011,,,,,271,adipose tissue
PITX1,aed62d755371a36efd549d16258b3537,eqtl,5,135026009,0.3522,0.063768,5.5320000648498535,-8,,SuSie,SuSiE fine-mapped credible set with in-sample LD,5_135026009_T_C,rs10479088,T,C,gtex_exon_fibroblast_ensg00000069011_16_5_135029287_135029321,ENSG00000069011.16_5_135029287_135029321,,,,,483,fibroblast
PITX1,b14558779151851ac8f9e55083d8b7e9,tuqtl,5,135034102,0.722623,0.120851,4.38700008392334,-9,,SuSie,SuSiE fine-mapped credible set with in-sample LD,5_135034102_C_A,rs113986847,C,A,gtex_txrev_esophagus_mucosa_ensg00000069011_grp_2_upstream_enst00000265340,ENSG00000069011.grp_2.upstream.ENST00000265340,,,,,493,esophagus squamous epithelium
PITX1,c1439d91590e51120dc86ac1a945d60b,eqtl,5,135053999,-0.460868,0.0715213,3.6760001182556152,-10,,SuSie,SuSiE fine-mapped credible set with in-sample LD,5_135053999_G_T,rs4976264,G,T,twinsuk_ge_fat_ensg00000069011,ENSG00000069011,,,,,381,adipose tissue
PITX1,d00d51ba936e93c6dd33b5fb87afccf2,eqtl,5,135036995,0.320442,0.0554992,1.1740000247955322,-8,,SuSie,SuSiE fine-mapped credible set with in-sample LD,5_135036995_T_C,rs31198,T,C,gtex_tx_muscle_enst00000265340,ENST00000265340,,,,,702,skeletal muscle tissue
PITX1,d1c3e77dfb11ec8f04aeb9a9405b5784,eqtl,5,135122983,-0.747465,0.0560921,3.943000078201294,-33,,SuSie,SuSiE fine-mapped credible set with in-sample LD,5_135122983_A_T,rs687093,A,T,fairfax_2014_microarray_monocyte_ifn24_ilmn_1674386,ILMN_1674386,,,,,370,"CD14-positive, CD16-negative classical monocyte"
PITX1,d887c46c8a0d91d104846df323d3efd5,eqtl,5,135028342,0.544616,0.0698277,4.079999923706055,-14,,SuSie,SuSiE fine-mapped credible set with in-sample LD,5_135028342_A_G,rs9327699,A,G,gtex_ge_fibroblast_ensg00000069011,ENSG00000069011,,,,,483,fibroblast
PITX1,e05b7e79ecfa188c69594ea0f910de77,eqtl,5,135025330,-0.737067,0.0633551,3.6559998989105225,-26,,SuSie,SuSiE fine-mapped credible set with in-sample LD,5_135025330_G_A,rs31210,G,A,gtex_ge_testis_ensg00000069011,ENSG00000069011,,,,,322,testis
KRT5,0e51630171c864ee6b1e77a9b783c66f,eqtl,12,52512802,0.31605,0.0509271,1.1799999475479126,-9,,SuSie,SuSiE fine-mapped credible set with in-sample LD,12_52512802_G_A,rs650694,G,A,gtex_tx_esophagus_mucosa_enst00000549511,ENST00000549511,,,,,493,esophagus squamous epithelium
KRT5,0e923ed5b0b3280cac1a3c9432595a32,tuqtl,12,52519122,0.433828,0.0359141,1.1419999599456787,-29,,SuSie,SuSiE fine-mapped credible set with in-sample LD,12_52519122_G_T,rs641621,G,T,gtex_txrev_skin_not_sun_exposed_ensg00000186081_grp_2_upstream_ensg00000186081_cage4,ENSG00000186081.grp_2.upstream.ENSG00000186081_CAGE4,,,,,517,suprapubic skin
KRT5,0f21a59b9194a58e6293b5af566c32e7,eqtl,12,52522822,-0.458962,0.0822927,4.203999996185303,-8,,SuSie,SuSiE fine-mapped credible set with in-sample LD,12_52522822_C_T,rs10783517,C,T,gtex_exon_adipose_visceral_ensg00000186081_12_12_52519118_52519160,ENSG00000186081.12_12_52519118_52519160,,,,,469,omental fat pad
KRT5,19c1413f10fb37a41fa3009a198189b0,pqtl,18,59967188,-0.029180226973311383,,5.293996810913086,-7,,SuSiE-inf,SuSiE fine-mapped credible set with out-of-sample LD,18_59967188_T_C,rs11152195,T,C,UKB_PPP_EUR_KRT5_P13647_OID20860_v1,KRT5:P13647:OID20860:v1,,,,,32922,blood plasma
KRT5,247bd40e339bc3a2644f1c49f4f9329d,pqtl,1,150579787,-0.03416232527069282,,3.0643553733825684,-25,,SuSiE-inf,SuSiE fine-mapped credible set with out-of-sample LD,1_150579787_GGCCGGGGCCGGGGCCTGA_G,rs138791218,GGCCGGGGCCGGGGCCTGA,G,UKB_PPP_EUR_KRT5_P13647_OID20860_v1,KRT5:P13647:OID20860:v1,,,,,32922,blood plasma
KRT5,267eb2b7e250e9ce810fe60d59725b82,pqtl,12,52519884,-0.07496343532837532,,1.869369387626648,-19,,SuSiE-inf,SuSiE fine-mapped credible set with out-of-sample LD,12_52519884_C_T,rs11170164,C,T,UKB_PPP_EUR_KRT5_P13647_OID20860_v1,KRT5:P13647:OID20860:v1,,,,,32922,blood plasma
KRT5,29b2c4d8bbd37a8027743bc4ac945150,eqtl,12,52519122,-0.924954,0.0403618,1.6729999780654907,-83,,SuSie,SuSiE fine-mapped credible set with in-sample LD,12_52519122_G_T,rs641621,G,T,gtex_exon_skin_sun_exposed_ensg00000186081_12_12_52519118_52519160,ENSG00000186081.12_12_52519118_52519160,,,,,602,skin of body
KRT5,2b46e2ce00e0f41e0eba4600177206bf,tuqtl,12,52516112,0.318142,0.0397138,8.770999908447266,-15,,SuSie,SuSiE fine-mapped credible set with in-sample LD,12_52516112_G_T,rs12228533,G,T,gtex_txrev_esophagus_mucosa_ensg00000186081_grp_1_upstream_ensg00000186081_cage4,ENSG00000186081.grp_1.upstream.ENSG00000186081_CAGE4,,,,,493,esophagus squamous epithelium
KRT5,2b850c2b78e5f7febc5b2593dca89f95,eqtl,12,52477130,-0.416751,0.0805791,4.677000045776367,-7,,SuSie,SuSiE fine-mapped credible set with in-sample LD,12_52477130_TATC_T,rs3035623,TATC,T,fusion_ge_adipose_naive_ensg00000186081,ENSG00000186081,,,,,271,adipose tissue
KRT5,2cd999cf57c2b5c724854fe3b286a7d3,pqtl,6,160531105,-0.03734367792538651,,2.5678622722625732,-11,,SuSiE-inf,SuSiE fine-mapped credible set with out-of-sample LD,6_160531105_A_G,rs192843668,A,G,UKB_PPP_EUR_KRT5_P13647_OID20860_v1,KRT5:P13647:OID20860:v1,,,,,32922,blood plasma
KRT5,307a7bdc8ecb089b228b0469051149b0,eqtl,12,52506278,-0.282893,0.0569,9.121000289916992,-7,,SuSie,SuSiE fine-mapped credible set with in-sample LD,12_52506278_G_A,rs58175411,G,A,gtex_tx_skin_not_sun_exposed_enst00000548409,ENST00000548409,,,,,517,suprapubic skin
KRT5,3c53409fd90efd413a77b5e42be4a48f,pqtl,6,160587614,-0.037363945565353274,,5.237743377685547,-10,,SuSiE-inf,SuSiE fine-mapped credible set with out-of-sample LD,6_160587614_G_A,rs41272086,G,A,UKB_PPP_EUR_KRT5_P13647_OID20860_v1,KRT5:P13647:OID20860:v1,,,,,32922,blood plasma
KRT5,3d2c394444fdf7dca8b0be2193aaefc6,eqtl,12,52497842,0.452031,0.0662029,2.759000062942505,-11,,SuSie,SuSiE fine-mapped credible set with in-sample LD,12_52497842_G_A,rs649701,G,A,lepik_2017_ge_blood_ensg00000186081,ENSG00000186081,,,,,471,blood
KRT5,48a1098d0d275f2e343d169313dda5ff,eqtl,12,52514019,-0.697635,0.0919672,5.7789998054504395,-12,,SuSie,SuSiE fine-mapped credible set with in-sample LD,12_52514019_A_G,rs687751,A,G,gtex_exon_minor_salivary_gland_ensg00000186081_12_12_52519118_52519160,ENSG00000186081.12_12_52519118_52519160,,,,,144,anterior lingual gland
KRT5,4f8ee3abd528596c805aaa495943ca21,pqtl,6,160441777,-0.06602028845821045,,5.5056962966918945,-32,,SuSiE-inf,SuSiE fine-mapped credible set with out-of-sample LD,6_160441777_C_T,rs189821701,C,T,UKB_PPP_EUR_KRT5_P13647_OID20860_v1,KRT5:P13647:OID20860:v1,,,,,32922,blood plasma
KRT5,52c2ba58bc14836e130dd531e7a500b1,tuqtl,12,52519125,-0.55242,0.0534904,1.0509999990463257,-22,,SuSie,SuSiE fine-mapped credible set with in-sample LD,12_52519125_G_T,rs641615,G,T,gtex_txrev_esophagus_mucosa_ensg00000186081_grp_1_upstream_ensg00000186081_cage7,ENSG00000186081.grp_1.upstream.ENSG00000186081_CAGE7,,,,,493,esophagus squamous epithelium
KRT5,5436eebf4ed3672724ccb9f0fcc3d8b7,pqtl,6,160741337,-0.037095477361409425,,3.5313448905944824,-11,,SuSiE-inf,SuSiE fine-mapped credible set with out-of-sample LD,6_160741337_T_A,rs147175166,T,A,UKB_PPP_EUR_KRT5_P13647_OID20860_v1,KRT5:P13647:OID20860:v1,,,,,32922,blood plasma
KRT5,5682f43ed5b3e417f3f19b121ce14294,eqtl,12,52500916,0.208365,0.0364889,1.8550000190734863,-8,,SuSie,SuSiE fine-mapped credible set with in-sample LD,12_52500916_CCCA_C,rs71092766,CCCA,C,rosmap_ge_brain_naive_ensg00000186081,ENSG00000186081,,,,,560,dorsolateral prefrontal cortex
KRT5,588b81ee0d270aafd6fb0bf77b8022cc,eqtl,12,52521616,-0.408577,0.0629297,2.2070000171661377,-10,,SuSie,SuSiE fine-mapped credible set with in-sample LD,12_52521616_TGCCAGCTGCTTTAGGGAGG_T,rs139863285,TGCCAGCTGCTTTAGGGAGG,T,lepik_2017_exon_blood_ensg00000186081_12_12_52517157_52517180,ENSG00000186081.12_12_52517157_52517180,,,,,471,blood
KRT5,5bd9af8922b5ecfb3c51af7cbdb1be53,eqtl,12,52521388,0.32439,0.0527113,1.6610000133514404,-9,,SuSie,SuSiE fine-mapped credible set with in-sample LD,12_52521388_G_T,rs89962,G,T,gtex_ge_adipose_visceral_ensg00000186081,ENSG00000186081,,,,,469,omental fat pad
KRT5,6498c388f092673ded4dd1c6c9b0b29b,eqtl,12,52522499,-0.794317,0.0773478,2.140000104904175,-22,,SuSie,SuSiE fine-mapped credible set with in-sample LD,12_52522499_C_T,rs3759189,C,T,lepik_2017_ge_blood_ensg00000186081,ENSG00000186081,,,,,471,blood
KRT5,6f0d26e129fc3af973aa0bc09893a870,eqtl,12,52519125,-0.402574,0.0614465,1.5149999856948853,-10,,SuSie,SuSiE fine-mapped credible set with in-sample LD,12_52519125_G_T,rs641615,G,T,brainseq_exon_brain_ensg00000186081_12_12_52519118_52519160,ENSG00000186081.12_12_52519118_52519160,,,,,479,dorsolateral prefrontal cortex
KRT5,70f54828143081145aa4b057d08e3165,pqtl,6,160731873,-0.06363484819044811,,1.0885499715805054,-27,,SuSiE-inf,SuSiE fine-mapped credible set with out-of-sample LD,6_160731873_C_T,rs4252129,C,T,UKB_PPP_EUR_KRT5_P13647_OID20860_v1,KRT5:P13647:OID20860:v1,,,,,32922,blood plasma
KRT5,74785412131ca00701aa6fb84a3dce01,eqtl,12,52519125,0.443142,0.0573547,4.814000129699707,-14,,SuSie,SuSiE fine-mapped credible set with in-sample LD,12_52519125_G_T,rs641615,G,T,gtex_tx_skin_sun_exposed_enst00000549511,ENST00000549511,,,,,602,skin of body
KRT5,7a505f70a7b01b40e19284536d041d78,eqtl,12,52516333,-0.29897,0.0494112,2.9149999618530273,-9,,SuSie,SuSiE fine-mapped credible set with in-sample LD,12_52516333_A_G,rs12231139,A,G,gtex_tx_esophagus_mucosa_enst00000548409,ENST00000548409,,,,,493,esophagus squamous epithelium
KRT5,84c454a4161a57f50c6c89f3eb13441e,pqtl,6,160557257,-0.02768048010381875,,1.0508049726486206,-6,,SuSiE-inf,SuSiE fine-mapped credible set with out-of-sample LD,6_160557257_T_G,rs181828211,T,G,UKB_PPP_EUR_KRT5_P13647_OID20860_v1,KRT5:P13647:OID20860:v1,,,,,32922,blood plasma
KRT5,864c3ccc8781c2f0d904f9972997c4a7,eqtl,12,52451356,0.172062,0.0313221,5.947000026702881,-8,,SuSie,SuSiE fine-mapped credible set with in-sample LD,12_52451356_T_G,rs411078,T,G,commonmind_ge_dlpfc_naive_ensg00000186081,ENSG00000186081,,,,,586,dorsolateral prefrontal cortex
KRT5,8c4df7ec0d02213f089c18d9169e399a,pqtl,6,160739062,-0.030357250820051626,,1.4187663793563843,-7,,SuSiE-inf,SuSiE fine-mapped credible set with out-of-sample LD,6_160739062_T_C,rs192519670,T,C,UKB_PPP_EUR_KRT5_P13647_OID20860_v1,KRT5:P13647:OID20860:v1,,,,,32922,blood plasma
KRT5,8d94a60d5175e1c0b0d5b18881e9ad78,eqtl,12,52519122,-0.347375,0.0444578,5.5269999504089355,-14,,SuSie,SuSiE fine-mapped credible set with in-sample LD,12_52519122_G_T,rs641621,G,T,gtex_exon_breast_ensg00000186081_12_12_52519118_52519160,ENSG00000186081.12_12_52519118_52519160,,,,,394,breast epithelium
KRT5,8dfed406f3f8fb86a1919e4f4f769222,tuqtl,12,52516333,0.375142,0.070796,1.746999979019165,-7,,SuSie,SuSiE fine-mapped credible set with in-sample LD,12_52516333_A_G,rs12231139,A,G,gtex_txrev_skin_not_sun_exposed_ensg00000186081_grp_1_upstream_ensg00000186081_cage4,ENSG00000186081.grp_1.upstream.ENSG00000186081_CAGE4,,,,,517,suprapubic skin
KRT5,90f762ca5e906b03a8f757f866be8646,eqtl,12,52519125,-0.787794,0.0448031,9.664999961853027,-54,,SuSie,SuSiE fine-mapped credible set with in-sample LD,12_52519125_G_T,rs641615,G,T,gtex_exon_esophagus_mucosa_ensg00000186081_12_12_52519118_52519160,ENSG00000186081.12_12_52519118_52519160,,,,,493,esophagus squamous epithelium
KRT5,991fec3e6adfb8d75422928efbf6d39c,pqtl,6,160707780,-0.05286228493608378,,9.10033130645752,-19,,SuSiE-inf,SuSiE fine-mapped credible set with out-of-sample LD,6_160707780_G_A,rs143079629,G,A,UKB_PPP_EUR_KRT5_P13647_OID20860_v1,KRT5:P13647:OID20860:v1,,,,,32922,blood plasma
KRT5,9b86c89bd3b7c1a45106e0a44e40ad80,pqtl,12,52514019,-0.131286,0.0236607,3.1059999465942383,-8,,SuSie,SuSiE fine-mapped credible set with in-sample LD,12_52514019_A_G,rs687751,A,G,sun_2018_aptamer_plasma_krt5_11177_16_3_1,KRT5.11177.16.3..1,,,,,3301,blood plasma
KRT5,9b87f9ba13e0c6e8df84f7ad528a2eaf,tuqtl,12,52519125,0.343476,0.0370896,1.9800000190734863,-18,,SuSie,SuSiE fine-mapped credible set with in-sample LD,12_52519125_G_T,rs641615,G,T,twinsuk_txrev_skin_ensg00000186081_grp_2_upstream_ensg00000186081_cage4,ENSG00000186081.grp_2.upstream.ENSG00000186081_CAGE4,,,,,370,skin of body
KRT5,a80e04dfc2f4296f296ad3836c44e69c,pqtl,6,160706469,-0.07969084183968717,,7.1851806640625,-45,,SuSiE-inf,SuSiE fine-mapped credible set with out-of-sample LD,6_160706469_A_G,rs73015965,A,G,UKB_PPP_EUR_KRT5_P13647_OID20860_v1,KRT5:P13647:OID20860:v1,,,,,32922,blood plasma
KRT5,afe928cdc1e6e6d07affd4177b9a1866,tuqtl,12,52506278,-0.414532,0.0782305,1.6720000505447388,-7,,SuSie,SuSiE fine-mapped credible set with in-sample LD,12_52506278_G_A,rs58175411,G,A,gtex_txrev_adipose_subcutaneous_ensg00000186081_grp_1_upstream_ensg00000186081_cage7,ENSG00000186081.grp_1.upstream.ENSG00000186081_CAGE7,,,,,581,adipose tissue
KRT5,b2fa6136c315cee7c9e5e344e907c13a,eqtl,12,52503437,0.250908,0.0455613,5.835000038146973,-8,,SuSie,SuSiE fine-mapped credible set with in-sample LD,12_52503437_G_C,rs629131,G,C,gtex_tx_skin_not_sun_exposed_enst00000551275,ENST00000551275,,,,,517,suprapubic skin
KRT5,b82a52e9bf42b6f7c5ebabf260b225b2,eqtl,12,52519122,-0.622216,0.0717099,1.3200000524520874,-15,,SuSie,SuSiE fine-mapped credible set with in-sample LD,12_52519122_G_T,rs641621,G,T,gtex_exon_prostate_ensg00000186081_12_12_52519118_52519160,ENSG00000186081.12_12_52519118_52519160,,,,,218,prostate gland
KRT5,bb57894a831696d86074947e974a7819,tuqtl,12,52518984,-0.47265,0.0763513,1.1269999742507935,-9,,SuSie,SuSiE fine-mapped credible set with in-sample LD,12_52518984_C_T,rs1132948,C,T,gtex_txrev_skin_sun_exposed_ensg00000186081_grp_1_contained_ensg00000186081_cage2,ENSG00000186081.grp_1.contained.ENSG00000186081_CAGE2,,,,,602,skin of body
KRT5,c3a66469d791dea4d538f99237a91517,pqtl,6,160671406,-0.04395787712655397,,1.8163865804672241,-11,,SuSiE-inf,SuSiE fine-mapped credible set with out-of-sample LD,6_160671406_C_T,rs11751347,C,T,UKB_PPP_EUR_KRT5_P13647_OID20860_v1,KRT5:P13647:OID20860:v1,,,,,32922,blood plasma
KRT5,c73d4f90f1644f13a3e852335175c43a,pqtl,1,150578819,0.07026627459203152,,2.966742515563965,-49,,SuSiE-inf,SuSiE fine-mapped credible set with out-of-sample LD,1_150578819_T_C,rs35661734,T,C,UKB_PPP_EUR_KRT5_P13647_OID20860_v1,KRT5:P13647:OID20860:v1,,,,,32922,blood plasma
KRT5,c8d54996351338236b5c48a5ab7f4a3e,eqtl,12,52519122,-1.04891,0.047987,6.452000141143799,-75,,SuSie,SuSiE fine-mapped credible set with in-sample LD,12_52519122_G_T,rs641621,G,T,gtex_exon_skin_not_sun_exposed_ensg00000186081_12_12_52519118_52519160,ENSG00000186081.12_12_52519118_52519160,,,,,517,suprapubic skin
KRT5,d22bc293dea3c1697de94318e439a227,eqtl,12,52507413,-0.436655,0.0913992,2.5739998817443848,-6,,SuSie,SuSiE fine-mapped credible set with in-sample LD,12_52507413_A_G,rs11170153,A,G,twinsuk_exon_fat_ensg00000186081_12_12_52517993_52518102,ENSG00000186081.12_12_52517993_52518102,,,,,381,adipose tissue
KRT5,d8fdd8ff457821c70ce0749229e98377,eqtl,12,52519175,-0.455554,0.0772173,6.27400016784668,-9,,SuSie,SuSiE fine-mapped credible set with in-sample LD,12_52519175_G_A,rs60314569,G,A,gtex_tx_adipose_subcutaneous_enst00000551013,ENST00000551013,,,,,581,adipose tissue
KRT5,da5cc1929f4b1fbaf43740212f90ffd0,pqtl,12,52519245,-0.09386634344543858,,5.511577606201172,-42,,SuSiE-inf,SuSiE fine-mapped credible set with out-of-sample LD,12_52519245_C_T,rs607860,C,T,UKB_PPP_EUR_KRT5_P13647_OID20860_v1,KRT5:P13647:OID20860:v1,,,,,32922,blood plasma
KRT5,e3525e6a4f2587cd7d7d8ae1d7fc7e1b,eqtl,12,52518984,-0.390148,0.0811171,2.059999942779541,-6,,SuSie,SuSiE fine-mapped credible set with in-sample LD,12_52518984_C_T,rs1132948,C,T,gtex_exon_adipose_visceral_ensg00000186081_12_12_52520372_52520394,ENSG00000186081.12_12_52520372_52520394,,,,,469,omental fat pad
KRT5,e806d3d647a716fef2ba2833c6261464,eqtl,12,52521388,0.374572,0.0533953,8.395000457763672,-12,,SuSie,SuSiE fine-mapped credible set with in-sample LD,12_52521388_G_T,rs89962,G,T,gtex_exon_adipose_visceral_ensg00000186081_12_12_52517157_52517180,ENSG00000186081.12_12_52517157_52517180,,,,,469,omental fat pad
KRT5,ec29f3fe223d0c7f16dc4a6323724187,eqtl,12,52509408,-0.512182,0.0927996,6.458000183105469,-8,,SuSie,SuSiE fine-mapped credible set with in-sample LD,12_52509408_A_T,rs11170155,A,T,twinsuk_ge_fat_ensg00000186081,ENSG00000186081,,,,,381,adipose tissue
KRT5,f1e21598f4cfca10d1f4189f68ee4815,eqtl,12,52501517,-0.517576,0.068221,2.9089999198913574,-13,,SuSie,SuSiE fine-mapped credible set with in-sample LD,12_52501517_A_G,rs599466,A,G,twinsuk_exon_skin_ensg00000186081_12_12_52518946_52519117,ENSG00000186081.12_12_52518946_52519117,,,,,370,skin of body
KRT5,fa5a1b39386d7b97951d42010c9c7a2d,tuqtl,12,52519122,-0.642815,0.0561077,1.4459999799728394,-27,,SuSie,SuSiE fine-mapped credible set with in-sample LD,12_52519122_G_T,rs641621,G,T,gtex_txrev_skin_sun_exposed_ensg00000186081_grp_2_upstream_ensg00000186081_cage7,ENSG00000186081.grp_2.upstream.ENSG00000186081_CAGE7,,,,,602,skin of body
KRT5,fb8af8f3ff618f1efc180e8e5abb2c0d,tuqtl,12,52506278,0.39221,0.0571699,1.746999979019165,-11,,SuSie,SuSiE fine-mapped credible set with in-sample LD,12_52506278_G_A,rs58175411,G,A,gtex_txrev_skin_sun_exposed_ensg00000186081_grp_1_upstream_ensg00000186081_cage4,ENSG00000186081.grp_1.upstream.ENSG00000186081_CAGE4,,,,,602,skin of body
KRT5,ff2f7d6309eea7428db10a3944b1ce95,pqtl,18,59901461,0.06406481350003992,,1.3992199897766113,-30,,SuSiE-inf,SuSiE fine-mapped credible set with out-of-sample LD,18_59901461_A_G,rs7240884,A,G,UKB_PPP_EUR_KRT5_P13647_OID20860_v1,KRT5:P13647:OID20860:v1,,,,,32922,blood plasma
KRT6A,0092da7b93315112e87fa6cb4a72e556,tuqtl,12,52466825,-0.506534,0.0517268,7.736000061035156,-21,,SuSie,SuSiE fine-mapped credible set with in-sample LD,12_52466825_T_G,rs404443,T,G,gtex_txrev_skin_not_sun_exposed_ensg00000205420_grp_2_contained_enst00000549600,ENSG00000205420.grp_2.contained.ENST00000549600,,,,,517,suprapubic skin
KRT6A,03e9f5b3a375b3b7e53c13feb7982419,tuqtl,12,52519125,0.614254,0.0473413,5.00600004196167,-34,,SuSie,SuSiE fine-mapped credible set with in-sample LD,12_52519125_G_T,rs641615,G,T,gtex_txrev_skin_sun_exposed_ensg00000205420_grp_2_upstream_enst00000330722,ENSG00000205420.grp_2.upstream.ENST00000330722,,,,,602,skin of body
KRT6A,221ced2695ed90cac7e02098da7c83d3,eqtl,12,52519125,0.33344,0.0600064,4.4670000076293945,-8,,SuSie,SuSiE fine-mapped credible set with in-sample LD,12_52519125_G_T,rs641615,G,T,gtex_exon_skin_not_sun_exposed_ensg00000205420_11_12_52491626_52491736,ENSG00000205420.11_12_52491626_52491736,,,,,517,suprapubic skin
KRT6A,22d0354b20fda313f0ebddb5148982b6,tuqtl,12,52496999,0.44741,0.0747432,5.997000217437744,-9,,SuSie,SuSiE fine-mapped credible set with in-sample LD,12_52496999_T_C,rs830377,T,C,gtex_txrev_testis_ensg00000205420_grp_2_upstream_enst00000330722,ENSG00000205420.grp_2.upstream.ENST00000330722,,,,,322,testis
KRT6A,370168c53831412127264b189851bc7d,tuqtl,12,52462311,-0.623833,0.074766,5.1579999923706055,-16,,SuSie,SuSiE fine-mapped credible set with in-sample LD,12_52462311_G_T,rs73099326,G,T,gtex_txrev_skin_sun_exposed_ensg00000205420_grp_2_upstream_ensg00000205420_cage10,ENSG00000205420.grp_2.upstream.ENSG00000205420_CAGE10,,,,,602,skin of body
KRT6A,381828725c0f86fe4ae95ffa7c8e8224,tuqtl,12,52444038,-0.416194,0.0500193,6.14300012588501,-16,,SuSie,SuSiE fine-mapped credible set with in-sample LD,12_52444038_A_G,rs597830,A,G,gtex_txrev_skin_sun_exposed_ensg00000205420_grp_2_contained_enst00000549600,ENSG00000205420.grp_2.contained.ENST00000549600,,,,,602,skin of body
KRT6A,3dc0cb0dce1fc6f739ca806dee414ab4,tuqtl,12,52414549,0.165414,0.025772,3.322999954223633,-10,,SuSie,SuSiE fine-mapped credible set with in-sample LD,12_52414549_T_C,rs1791609,T,C,gtex_txrev_esophagus_mucosa_ensg00000205420_grp_2_upstream_ensg00000205420_cage6,ENSG00000205420.grp_2.upstream.ENSG00000205420_CAGE6,,,,,493,esophagus squamous epithelium
KRT6A,3e58b4f8673fd90ee45fbfa1fb0135ac,tuqtl,12,52446517,-0.587813,0.0921637,5.59499979019165,-10,,SuSie,SuSiE fine-mapped credible set with in-sample LD,12_52446517_G_A,rs3847829,G,A,twinsuk_txrev_skin_ensg00000205420_grp_2_upstream_ensg00000205420_cage10,ENSG00000205420.grp_2.upstream.ENSG00000205420_CAGE10,,,,,370,skin of body
KRT6A,495ffd03aab05fda88652ec0fed89759,eqtl,12,52461154,-0.471692,0.0740544,6.916999816894531,-10,,SuSie,SuSiE fine-mapped credible set with in-sample LD,12_52461154_G_C,rs1701776,G,C,gtex_ge_testis_ensg00000205420,ENSG00000205420,,,,,322,testis
KRT6A,4df9ccf0c2ee243893467beddc9c3198,eqtl,12,52519122,0.414198,0.0673234,1.6770000457763672,-9,,SuSie,SuSiE fine-mapped credible set with in-sample LD,12_52519122_G_T,rs641621,G,T,gtex_exon_adipose_visceral_ensg00000205420_11_12_52491626_52491736,ENSG00000205420.11_12_52491626_52491736,,,,,469,omental fat pad
KRT6A,56e0f615047215182da72ac44134cf0a,eqtl,12,52519122,0.4995,0.0792283,8.581999778747559,-10,,SuSie,SuSiE fine-mapped credible set with in-sample LD,12_52519122_G_T,rs641621,G,T,twinsuk_tx_skin_enst00000549898,ENST00000549898,,,,,370,skin of body
KRT6A,5fb76b8b9483a8e480cf1c663f1d6bd3,tuqtl,12,52519125,-0.548238,0.0539385,3.4000000953674316,-22,,SuSie,SuSiE fine-mapped credible set with in-sample LD,12_52519125_G_T,rs641615,G,T,gtex_txrev_skin_not_sun_exposed_ensg00000205420_grp_2_upstream_ensg00000205420_cage6,ENSG00000205420.grp_2.upstream.ENSG00000205420_CAGE6,,,,,517,suprapubic skin
KRT6A,6a0f53f3c9a598e4a704a862b49fa57c,sqtl,12,52427377,0.488134,0.0747251,2.684999942779541,-10,,SuSie,SuSiE fine-mapped credible set with in-sample LD,12_52427377_C_G,rs10876289,C,G,gtex_leafcutter_testis_12_52488548_52488830_clu_78102_-,12:52488548:52488830:clu_78102_-,,,,,322,testis
KRT6A,7f51efcfa7609c9f7d650fea1c506cf9,tuqtl,12,52519125,0.787183,0.118987,8.940999984741211,-10,,SuSie,SuSiE fine-mapped credible set with in-sample LD,12_52519125_G_T,rs641615,G,T,gtex_txrev_minor_salivary_gland_ensg00000205420_grp_1_upstream_enst00000330722,ENSG00000205420.grp_1.upstream.ENST00000330722,,,,,144,anterior lingual gland
KRT6A,9bb85ed58738d154c321ff34dcae3e9b,eqtl,12,52461154,-0.621933,0.0690089,2.2100000381469727,-17,,SuSie,SuSiE fine-mapped credible set with in-sample LD,12_52461154_G_C,rs1701776,G,C,gtex_exon_testis_ensg00000205420_11_12_52487176_52487955,ENSG00000205420.11_12_52487176_52487955,,,,,322,testis
KRT6A,a5ac5f1fd9ef04a973b4274c55c9e73b,eqtl,12,52504585,0.736184,0.0636561,1.062000036239624,-26,,SuSie,SuSiE fine-mapped credible set with in-sample LD,12_52504585_G_C,rs644054,G,C,gtex_exon_breast_ensg00000205420_11_12_52491626_52491736,ENSG00000205420.11_12_52491626_52491736,,,,,394,breast epithelium
KRT6A,b4d175b66ad27359f9b5d81197272884,eqtl,12,52519125,1.25867,0.0472508,1.1349999904632568,-86,,SuSie,SuSiE fine-mapped credible set with in-sample LD,12_52519125_G_T,rs641615,G,T,twinsuk_exon_skin_ensg00000205420_11_12_52491626_52491736,ENSG00000205420.11_12_52491626_52491736,,,,,370,skin of body
KRT6A,bfb03af0132e69369d32158176058b71,tuqtl,12,52519125,-0.555292,0.0663537,1.3559999465942383,-15,,SuSie,SuSiE fine-mapped credible set with in-sample LD,12_52519125_G_T,rs641615,G,T,twinsuk_txrev_skin_ensg00000205420_grp_1_upstream_ensg00000205420_cage1,ENSG00000205420.grp_1.upstream.ENSG00000205420_CAGE1,,,,,370,skin of body
KRT6A,c09a3e1f6129f55c6b58fc0504f4a02e,eqtl,12,52519125,0.922453,0.0849001,5.686999797821045,-22,,SuSie,SuSiE fine-mapped credible set with in-sample LD,12_52519125_G_T,rs641615,G,T,gtex_exon_prostate_ensg00000205420_11_12_52491626_52491736,ENSG00000205420.11_12_52491626_52491736,,,,,218,prostate gland
KRT6A,c8ffbf9d2f776d6853098006e5e38c59,tuqtl,12,52487553,-0.482281,0.0844151,1.9520000219345093,-8,,SuSie,SuSiE fine-mapped credible set with in-sample LD,12_52487553_G_T,rs3204962,G,T,gtex_txrev_esophagus_mucosa_ensg00000205420_grp_2_upstream_ensg00000205420_cage10,ENSG00000205420.grp_2.upstream.ENSG00000205420_CAGE10,,,,,493,esophagus squamous epithelium
KRT6A,d753aed06073a731131780c7478eb912,tuqtl,12,52492640,-0.591297,0.076781,7.241000175476074,-14,,SuSie,SuSiE fine-mapped credible set with in-sample LD,12_52492640_C_T,rs72482244,C,T,gtex_txrev_skin_not_sun_exposed_ensg00000205420_grp_2_upstream_ensg00000205420_cage10,ENSG00000205420.grp_2.upstream.ENSG00000205420_CAGE10,,,,,517,suprapubic skin
KRT6A,d840504e3c41e6fb9390604b157278e8,eqtl,12,52513634,0.624878,0.0679432,2.496000051498413,-18,,SuSie,SuSiE fine-mapped credible set with in-sample LD,12_52513634_G_C,rs636676,G,C,gtex_tx_breast_enst00000549898,ENST00000549898,,,,,394,breast epithelium
KRT6A,daf81d88450ca74a1db71ede28ea524a,eqtl,12,52658361,0.781675,0.156878,1.340000033378601,-6,,SuSie,SuSiE fine-mapped credible set with in-sample LD,12_52658361_G_A,rs75331798,G,A,gtex_exon_prostate_ensg00000205420_11_12_52489896_52489942,ENSG00000205420.11_12_52489896_52489942,,,,,218,prostate gland
KRT6A,e8560c6e382b75620dd08e05067aa47d,tuqtl,12,52501517,0.757898,0.0677216,2.5859999656677246,-25,,SuSie,SuSiE fine-mapped credible set with in-sample LD,12_52501517_A_G,rs599466,A,G,gtex_txrev_breast_ensg00000205420_grp_1_upstream_enst00000330722,ENSG00000205420.grp_1.upstream.ENST00000330722,,,,,394,breast epithelium
KRT6A,ed9b925ce4e66d904096401be7227c73,eqtl,12,52513634,0.513025,0.0524015,4.573999881744385,-21,,SuSie,SuSiE fine-mapped credible set with in-sample LD,12_52513634_G_C,rs636676,G,C,gtex_exon_skin_sun_exposed_ensg00000205420_11_12_52491626_52491736,ENSG00000205420.11_12_52491626_52491736,,,,,602,skin of body
SERPINB5,04dc349769fa31b21fdb203b78e4e302,eqtl,18,63477129,0.198391,0.0360859,5.744999885559082,-8,,SuSie,SuSiE fine-mapped credible set with in-sample LD,18_63477129_G_A,rs3744942,G,A,gtex_ge_skin_sun_exposed_ensg00000206075,ENSG00000206075,,,,,602,skin of body
SERPINB5,09e0f9eb871b5e99b268ea27b7cd1656,tuqtl,18,63480441,-1.7935,0.269291,3.0999999046325684,-10,,SuSie,SuSiE fine-mapped credible set with in-sample LD,18_63480441_T_TGAAAAAA,rs137926985,T,TGAAAAAA,quach_2016_txrev_monocyte_iav_ensg00000206075_grp_1_downstream_enst00000489441,ENSG00000206075.grp_1.downstream.ENST00000489441,,,,,198,"CD14-positive, CD16-negative classical monocyte"
SERPINB5,1ecffc25063144fb8601eb609540005e,sqtl,18,63503267,0.374563,0.058986,4.314000129699707,-10,,SuSie,SuSiE fine-mapped credible set with in-sample LD,18_63503267_T_C,rs1455557,T,C,gtex_leafcutter_skin_sun_exposed_18_63497937_63499120_clu_3708__,18:63497937:63499120:clu_3708_+,,,,,602,skin of body
SERPINB5,24499483513571e8e26b926f9309f2aa,tuqtl,18,63495836,-0.269065,0.0455022,5.696000099182129,-9,,SuSie,SuSiE fine-mapped credible set with in-sample LD,18_63495836_C_T,rs1509477,C,T,gtex_txrev_skin_sun_exposed_ensg00000206075_grp_1_contained_enst00000588986,ENSG00000206075.grp_1.contained.ENST00000588986,,,,,602,skin of body
SERPINB5,2d5bd38569ab28c1763c4d1d30e6a7a1,eqtl,18,63490205,-1.83717,0.267759,1.0210000276565552,-10,,SuSie,SuSiE fine-mapped credible set with in-sample LD,18_63490205_C_G,rs139025466,C,G,quach_2016_tx_monocyte_iav_enst00000489441,ENST00000489441,,,,,198,"CD14-positive, CD16-negative classical monocyte"
SERPINB5,5182d3c1d4b0403c7d1f9957c2a3d0e9,sqtl,18,63497836,0.4941,0.0542121,1.8960000276565552,-18,,SuSie,SuSiE fine-mapped credible set with in-sample LD,18_63497836_T_G,rs6567366,T,G,gtex_leafcutter_skin_not_sun_exposed_18_63497937_63499120_clu_3708__,18:63497937:63499120:clu_3708_+,,,,,517,suprapubic skin
SERPINB5,55214b4a86846d6536be22a4b309b66c,eqtl,18,63480441,1.65113,0.204679,9.208000183105469,-14,,SuSie,SuSiE fine-mapped credible set with in-sample LD,18_63480441_T_TGAAAAAA,rs137926985,T,TGAAAAAA,quach_2016_ge_monocyte_iav_ensg00000206075,ENSG00000206075,,,,,198,"CD14-positive, CD16-negative classical monocyte"
SERPINB5,57ffdb995fcf98c34473f55c196e378b,eqtl,18,63473148,0.460422,0.0688369,1.065999984741211,-10,,SuSie,SuSiE fine-mapped credible set with in-sample LD,18_63473148_A_G,rs7233205,A,G,hipsci_ge_ipsc_ensg00000206075,ENSG00000206075,,,,,322,induced pluripotent stem cell
SERPINB5,616367a26a3bffb26964455c6d16081a,eqtl,18,63495836,-0.275012,0.045828,3.434999942779541,-9,,SuSie,SuSiE fine-mapped credible set with in-sample LD,18_63495836_C_T,rs1509477,C,T,gtex_tx_skin_sun_exposed_enst00000588986,ENST00000588986,,,,,602,skin of body
SERPINB5,74b65bd38526594284131a81ff060a43,tuqtl,18,63476997,1.81443,0.274006,3.819999933242798,-10,,SuSie,SuSiE fine-mapped credible set with in-sample LD,18_63476997_G_T,rs75113857,G,T,quach_2016_txrev_monocyte_iav_ensg00000206075_grp_1_upstream_enst00000489441,ENSG00000206075.grp_1.upstream.ENST00000489441,,,,,198,"CD14-positive, CD16-negative classical monocyte"
SERPINB5,783888b20e8bae5b576fe1f1dff3c5d8,eqtl,18,62538260,0.703892,0.135696,5.625,-7,,SuSie,SuSiE fine-mapped credible set with in-sample LD,18_62538260_CAAAAA_C,rs35609138,CAAAAA,C,quach_2016_exon_monocyte_iav_ensg00000206075_14_18_63489347_63489427,ENSG00000206075.14_18_63489347_63489427,,,,,198,"CD14-positive, CD16-negative classical monocyte"
SERPINB5,897fafdc23c100f03946829a52b69f17,pqtl,18,63493861,0.03611718296366558,,6.78162145614624,-12,,SuSiE-inf,SuSiE fine-mapped credible set with out-of-sample LD,18_63493861_AAAAC_A,rs58878863,AAAAC,A,UKB_PPP_EUR_SERPINB5_P36952_OID20064_v1,SERPINB5:P36952:OID20064:v1,,,,,33043,blood plasma
SERPINB5,a3557fecc3fe9d42473268ee885839e7,eqtl,18,63490604,0.220824,0.0372841,5.394000053405762,-9,,SuSie,SuSiE fine-mapped credible set with in-sample LD,18_63490604_G_A,rs2332751,G,A,gtex_exon_skin_sun_exposed_ensg00000206075_14_18_63503376_63503397,ENSG00000206075.14_18_63503376_63503397,,,,,602,skin of body
SERPINB5,be4d5c8af39eeb75f0000edd7dc35ff4,eqtl,18,63480441,1.54716,0.113635,1.305999994277954,-29,,SuSie,SuSiE fine-mapped credible set with in-sample LD,18_63480441_T_TGAAAAAA,rs137926985,T,TGAAAAAA,quach_2016_exon_monocyte_iav_ensg00000206075_14_18_63503398_63505085,ENSG00000206075.14_18_63503398_63505085,,,,,198,"CD14-positive, CD16-negative classical monocyte"
SERPINB5,c62ceac6b8db234fdaaad34437707f5b,eqtl,18,63479836,0.245601,0.0457132,1.2139999866485596,-7,,SuSie,SuSiE fine-mapped credible set with in-sample LD,18_63479836_A_C,rs7228629,A,C,gtex_ge_esophagus_mucosa_ensg00000206075,ENSG00000206075,,,,,493,esophagus squamous epithelium
SERPINB5,ca4551a769eec54972461e6d530b054e,eqtl,18,64263707,0.554285,0.091802,8.510000228881836,-9,,SuSie,SuSiE fine-mapped credible set with in-sample LD,18_64263707_C_CA,rs74171715,C,CA,quach_2016_exon_monocyte_iav_ensg00000206075_14_18_63484422_63484596,ENSG00000206075.14_18_63484422_63484596,,,,,198,"CD14-positive, CD16-negative classical monocyte"
CDC20,00589a714e67f806a36c0215005e6584,eqtl,1,43390239,-0.613553,0.0568886,4.065000057220459,-21,,SuSie,SuSiE fine-mapped credible set with in-sample LD,1_43390239_C_T,rs839754,C,T,gencord_exon_lcl_ensg00000117399_14_1_43359767_43359821,ENSG00000117399.14_1_43359767_43359821,,,,,190,lymphoblastoid cell line
CDC20,220e16b12a0c2eb9e923fad768a7067c,eqtl,1,43307362,0.342273,0.0542437,5.63700008392334,-10,,SuSie,SuSiE fine-mapped credible set with in-sample LD,1_43307362_A_G,rs2275180,A,G,gtex_exon_adipose_subcutaneous_ensg00000117399_14_1_43359767_43359821,ENSG00000117399.14_1_43359767_43359821,,,,,581,adipose tissue
CDC20,296e46555d6a009aafd07e8a4de5988d,eqtl,1,43376958,-0.468415,0.0640915,2.3519999980926514,-12,,SuSie,SuSiE fine-mapped credible set with in-sample LD,1_43376958_G_A,rs4141739,G,A,hipsci_tx_ipsc_enst00000310955,ENST00000310955,,,,,322,induced pluripotent stem cell
CDC20,29824d8edea33951d118a37feba7e7d6,eqtl,1,43321032,-0.387156,0.0619383,1.1720000505447388,-9,,SuSie,SuSiE fine-mapped credible set with in-sample LD,1_43321032_CA_C,rs752698629,CA,C,twinsuk_exon_skin_ensg00000117399_14_1_43359767_43359821,ENSG00000117399.14_1_43359767_43359821,,,,,370,skin of body
CDC20,37e8b88b490041f98258d1fd297f48d3,eqtl,1,43377570,-0.479422,0.067002,6.166999816894531,-12,,SuSie,SuSiE fine-mapped credible set with in-sample LD,1_43377570_GT_G,rs5773806,GT,G,hipsci_exon_ipsc_ensg00000117399_14_1_43359490_43359638,ENSG00000117399.14_1_43359490_43359638,,,,,322,induced pluripotent stem cell
CDC20,39d0240b820ddd59258481d5191e29c3,eqtl,1,43396487,-0.532261,0.0805292,8.520999908447266,-10,,SuSie,SuSiE fine-mapped credible set with in-sample LD,1_43396487_A_G,rs839758,A,G,cap_exon_lcl_statin_ensg00000117399_14_1_43359767_43359821,ENSG00000117399.14_1_43359767_43359821,,,,,148,lymphoblastoid cell line
CDC20,39e48c323d8d8a71cb28d7fa2b76f51f,eqtl,1,43371257,-0.300952,0.0444826,5.5320000648498535,-11,,SuSie,SuSiE fine-mapped credible set with in-sample LD,1_43371257_T_C,rs652941,T,C,gtex_exon_colon_transverse_ensg00000117399_14_1_43359767_43359821,ENSG00000117399.14_1_43359767_43359821,,,,,368,transverse colon
CDC20,3c415bd638a1e96d1ac8d3dcf10ec863,eqtl,1,43307362,0.709401,0.106412,2.390000104904175,-9,,SuSie,SuSiE fine-mapped credible set with in-sample LD,1_43307362_A_G,rs2275180,A,G,ipscore_exon_ipsc_ensg00000117399_14_1_43359969_43360097,ENSG00000117399.14_1_43359969_43360097,,,,,101,induced pluripotent stem cell
CDC20,415354e093bf569db2410fea68baeaa4,tuqtl,1,43390239,-0.739251,0.062461,3.6040000915527344,-28,,SuSie,SuSiE fine-mapped credible set with in-sample LD,1_43390239_C_T,rs839754,C,T,geuvadis_txrev_lcl_ensg00000117399_grp_2_contained_ensg00000117399_cage2,ENSG00000117399.grp_2.contained.ENSG00000117399_CAGE2,,,,,445,lymphoblastoid cell line
CDC20,44aaefc04f46f4195ebcf1b74efb47f1,tuqtl,1,43359973,0.434048,0.0605164,2.822000026702881,-12,,SuSie,SuSiE fine-mapped credible set with in-sample LD,1_43359973_T_C,rs839763,T,C,gtex_txrev_esophagus_mucosa_ensg00000117399_grp_2_contained_ensg00000117399_cage3,ENSG00000117399.grp_2.contained.ENSG00000117399_CAGE3,,,,,493,esophagus squamous epithelium
CDC20,4724a6f34ea3d687fee4df9489a9e46f,eqtl,1,43323187,-0.360819,0.0541846,7.248000144958496,-11,,SuSie,SuSiE fine-mapped credible set with in-sample LD,1_43323187_C_T,rs866332,C,T,gtex_exon_skin_not_sun_exposed_ensg00000117399_14_1_43359767_43359821,ENSG00000117399.14_1_43359767_43359821,,,,,517,suprapubic skin
CDC20,481fde270abc63cd5b2de90e94a8a38a,eqtl,1,43327136,-0.327298,0.0585872,4.5279998779296875,-8,,SuSie,SuSiE fine-mapped credible set with in-sample LD,1_43327136_C_T,rs12076751,C,T,twinsuk_ge_fat_ensg00000117399,ENSG00000117399,,,,,381,adipose tissue
CDC20,4da005d034f27661d6f47042f867c35f,eqtl,1,43377329,-0.694774,0.0474483,3.125999927520752,-39,,SuSie,SuSiE fine-mapped credible set with in-sample LD,1_43377329_C_T,rs4141741,C,T,twinsuk_exon_lcl_ensg00000117399_14_1_43359767_43359821,ENSG00000117399.14_1_43359767_43359821,,,,,418,lymphoblastoid cell line
CDC20,6168f139702abdbbfbf1b73f6f245a21,eqtl,1,43151973,0.227936,0.0479591,2.4690001010894775,-6,,SuSie,SuSiE fine-mapped credible set with in-sample LD,1_43151973_C_T,rs1152770,C,T,gtex_exon_blood_ensg00000117399_14_1_43359822_43359968,ENSG00000117399.14_1_43359822_43359968,,,,,670,blood
CDC20,61d268d8dc2afe5caee010cae1de528d,tuqtl,1,43359973,0.404686,0.0635176,4.491000175476074,-10,,SuSie,SuSiE fine-mapped credible set with in-sample LD,1_43359973_T_C,rs839763,T,C,gtex_txrev_fibroblast_ensg00000117399_grp_2_contained_ensg00000117399_cage3,ENSG00000117399.grp_2.contained.ENSG00000117399_CAGE3,,,,,483,fibroblast
CDC20,689ea76b177fad8dbb04821a893953f8,tuqtl,1,43358734,-0.444954,0.0659061,5.125,-11,,SuSie,SuSiE fine-mapped credible set with in-sample LD,1_43358734_C_CCCCGCCCTGT,rs139126015,C,CCCCGCCCTGT,twinsuk_txrev_lcl_ensg00000117399_grp_2_contained_ensg00000117399_cage2,ENSG00000117399.grp_2.contained.ENSG00000117399_CAGE2,,,,,418,lymphoblastoid cell line
CDC20,6be78dd03e6fd9d89114b42ed8094001,eqtl,1,43461497,0.946569,0.161626,8.175999641418457,-9,,SuSie,SuSiE fine-mapped credible set with in-sample LD,1_43461497_TTC_T,rs58697415,TTC,T,rosmap_ge_brain_naive_ensg00000117399,ENSG00000117399,,,,,560,dorsolateral prefrontal cortex
CDC20,78b1b990aa536c9f53603a9c15bc26db,tuqtl,1,43368703,0.785916,0.0720913,1.309000015258789,-23,,SuSie,SuSiE fine-mapped credible set with in-sample LD,1_43368703_AT_A,rs3834088,AT,A,gtex_txrev_testis_ensg00000117399_grp_2_contained_ensg00000117399_cage3,ENSG00000117399.grp_2.contained.ENSG00000117399_CAGE3,,,,,322,testis
CDC20,7e5f3f99b80bfa8763336da9bada20ad,eqtl,1,43376073,-0.322958,0.0570081,2.441999912261963,-8,,SuSie,SuSiE fine-mapped credible set with in-sample LD,1_43376073_T_C,rs11587504,T,C,gtex_exon_nerve_tibial_ensg00000117399_14_1_43359767_43359821,ENSG00000117399.14_1_43359767_43359821,,,,,532,tibial nerve
CDC20,8d0a4c234868c55bf7550de60c9e37a3,eqtl,1,43359973,-0.297105,0.0261537,1.402999997138977,-26,,SuSie,SuSiE fine-mapped credible set with in-sample LD,1_43359973_T_C,rs839763,T,C,gtex_exon_fibroblast_ensg00000117399_14_1_43359767_43359821,ENSG00000117399.14_1_43359767_43359821,,,,,483,fibroblast
CDC20,999dcdd4ad207d4c5300f823b2ffdf18,eqtl,1,43378497,0.445171,0.05505,6.302999973297119,-15,,SuSie,SuSiE fine-mapped credible set with in-sample LD,1_43378497_G_A,rs66559745,G,A,geuvadis_tx_lcl_enst00000482046,ENST00000482046,,,,,445,lymphoblastoid cell line
CDC20,9aa0ea2f626c39281a29e548a1f6bbf1,eqtl,1,43377570,-0.329995,0.052291,6.916999816894531,-10,,SuSie,SuSiE fine-mapped credible set with in-sample LD,1_43377570_GT_G,rs5773806,GT,G,geuvadis_exon_lcl_ensg00000117399_14_1_43359725_43359766,ENSG00000117399.14_1_43359725_43359766,,,,,445,lymphoblastoid cell line
CDC20,9efb86b51ee8443429538f9de0429c21,eqtl,1,43359973,-0.798684,0.0425463,6.760000228881836,-53,,SuSie,SuSiE fine-mapped credible set with in-sample LD,1_43359973_T_C,rs839763,T,C,gtex_exon_testis_ensg00000117399_14_1_43359767_43359821,ENSG00000117399.14_1_43359767_43359821,,,,,322,testis
CDC20,ab0ceff0b0e0e28f2f66519e9c6264c3,eqtl,1,43359973,-0.436374,0.0437616,2.1089999675750732,-21,,SuSie,SuSiE fine-mapped credible set with in-sample LD,1_43359973_T_C,rs839763,T,C,gtex_exon_esophagus_mucosa_ensg00000117399_14_1_43359767_43359821,ENSG00000117399.14_1_43359767_43359821,,,,,493,esophagus squamous epithelium
CDC20,c34b133fe6044401cb0bc454ac67f181,eqtl,1,43339569,0.492565,0.0666251,6.75,-13,,SuSie,SuSiE fine-mapped credible set with in-sample LD,1_43339569_A_G,rs16830693,A,G,brainseq_ge_brain_ensg00000117399,ENSG00000117399,,,,,479,dorsolateral prefrontal cortex
CDC20,c5f4b0c2f715ddc1415664fe9254ffde,eqtl,1,42713436,-0.659561,0.140126,3.4639999866485596,-6,,SuSie,SuSiE fine-mapped credible set with in-sample LD,1_42713436_T_C,rs114823489,T,C,twinsuk_exon_lcl_ensg00000117399_14_1_43359167_43359396,ENSG00000117399.14_1_43359167_43359396,,,,,418,lymphoblastoid cell line
CDC20,db3807957772e3d605a83f60de489247,eqtl,1,43314982,0.351133,0.0455928,5.744999885559082,-14,,SuSie,SuSiE fine-mapped credible set with in-sample LD,1_43314982_G_GCAACCTCACCCATTT,rs60940165,G,GCAACCTCACCCATTT,gtex_exon_skin_sun_exposed_ensg00000117399_14_1_43359767_43359821,ENSG00000117399.14_1_43359767_43359821,,,,,602,skin of body
CDC20,e93a753700df111ecf38de1540cd3f15,eqtl,1,43380972,-0.379495,0.0607582,3.2980000972747803,-9,,SuSie,SuSiE fine-mapped credible set with in-sample LD,1_43380972_CA_C,rs11334300,CA,C,gencord_exon_t-cell_ensg00000117399_14_1_43359767_43359821,ENSG00000117399.14_1_43359767_43359821,,,,,184,T cell
CDC20,eda83bc93147e66cfc8878481b20c387,eqtl,1,43377570,-0.435832,0.0692054,1.0449999570846558,-9,,SuSie,SuSiE fine-mapped credible set with in-sample LD,1_43377570_GT_G,rs5773806,GT,G,hipsci_ge_ipsc_ensg00000117399,ENSG00000117399,,,,,322,induced pluripotent stem cell
CDC20,ee65f040640c25008994ce8e0b26c8f0,eqtl,1,43396487,-0.221567,0.0443989,7.644999980926514,-7,,SuSie,SuSiE fine-mapped credible set with in-sample LD,1_43396487_A_G,rs839758,A,G,gtex_ge_muscle_ensg00000117399,ENSG00000117399,,,,,702,skeletal muscle tissue
CDC20,f3316e3c2ba8fe4a5c415a46b192851a,eqtl,1,43377570,-0.25355,0.053951,6.464000225067139,-6,,SuSie,SuSiE fine-mapped credible set with in-sample LD,1_43377570_GT_G,rs5773806,GT,G,gtex_exon_lcl_ensg00000117399_14_1_43359969_43360097,ENSG00000117399.14_1_43359969_43360097,,,,,147,lymphoblastoid cell line
CDC20,f4d318516dd88031f0c9b3a2f16becb2,tuqtl,1,43327136,-0.814623,0.0533271,1.406000018119812,-39,,SuSie,SuSiE fine-mapped credible set with in-sample LD,1_43327136_C_T,rs12076751,C,T,hipsci_txrev_ipsc_ensg00000117399_grp_2_contained_ensg00000117399_cage2,ENSG00000117399.grp_2.contained.ENSG00000117399_CAGE2,,,,,322,induced pluripotent stem cell
CDC20,f538ec61366f1d9b3578aaa39160bc2c,eqtl,1,43294565,-0.263279,0.0394873,5.534999847412109,-11,,SuSie,SuSiE fine-mapped credible set with in-sample LD,1_43294565_G_T,rs7549876,G,T,gtex_exon_blood_ensg00000117399_14_1_43359767_43359821,ENSG00000117399.14_1_43359767_43359821,,,,,670,blood
CDC20,fc29c67ef3c019ee05555975759ff336,eqtl,1,43396487,-0.536541,0.0793368,3.8929998874664307,-10,,SuSie,SuSiE fine-mapped credible set with in-sample LD,1_43396487_A_G,rs839758,A,G,cap_exon_lcl_naive_ensg00000117399_14_1_43359767_43359821,ENSG00000117399.14_1_43359767_43359821,,,,,148,lymphoblastoid cell line
CDC20,fc42a1f4aac1dd4f261e99718a81c478,tuqtl,1,43337449,0.900073,0.100559,2.8259999752044678,-15,,SuSie,SuSiE fine-mapped credible set with in-sample LD,1_43337449_C_A,rs839993,C,A,gtex_txrev_lcl_ensg00000117399_grp_2_contained_ensg00000117399_cage3,ENSG00000117399.grp_2.contained.ENSG00000117399_CAGE3,,,,,147,lymphoblastoid cell line
